inregistrare_utilizator,2026-06-01 14:04:00
inregistrare_utilizator,2026-06-01 14:04:00
inregistrare_utilizator,2026-06-01 14:04:00
listare_utilizatori,2026-06-01 14:04:00
adaugare_produs,2026-06-01 14:04:00
adaugare_produs,2026-06-01 14:04:00
adaugare_produs,2026-06-01 14:04:00
creare_licitatie,2026-06-01 14:04:00
creare_licitatie,2026-06-01 14:04:00
listare_licitatii,2026-06-01 14:04:00
plasare_oferta,2026-06-01 14:04:00
plasare_oferta,2026-06-01 14:04:00
plasare_oferta,2026-06-01 14:04:00
filtrare_licitatii_categorie,2026-06-01 14:04:00
cautare_licitatie_id,2026-06-01 14:04:00
istoric_oferte_licitator,2026-06-01 14:04:00
listare_licitatii,2026-06-01 14:04:00
stergere_licitatie,2026-06-01 14:04:00
listare_licitatii,2026-06-01 14:04:00
ordonare_produse_pret,2026-06-01 14:04:00
inregistrare_utilizator,2026-06-01 14:05:34
inregistrare_utilizator,2026-06-01 14:05:34
inregistrare_utilizator,2026-06-01 14:05:34
listare_utilizatori,2026-06-01 14:05:34
adaugare_produs,2026-06-01 14:05:34
adaugare_produs,2026-06-01 14:05:34
adaugare_produs,2026-06-01 14:05:34
creare_licitatie,2026-06-01 14:05:34
creare_licitatie,2026-06-01 14:05:34
listare_licitatii,2026-06-01 14:05:34
plasare_oferta,2026-06-01 14:05:34
plasare_oferta,2026-06-01 14:05:34
plasare_oferta,2026-06-01 14:05:34
filtrare_licitatii_categorie,2026-06-01 14:05:34
cautare_licitatie_id,2026-06-01 14:05:34
istoric_oferte_licitator,2026-06-01 14:05:34
listare_licitatii,2026-06-01 14:05:34
stergere_licitatie,2026-06-01 14:05:34
listare_licitatii,2026-06-01 14:05:34
ordonare_produse_pret,2026-06-01 14:05:34
